<?xml version="1.0" encoding="utf-8"?>
<odoo>
    <record id="sequence_syn_hospital_patient" model="ir.sequence">
        <field name="name">Hospital Patient</field>
        <field name="code">syn.hospital.patient</field>
        <field name="prefix">HP</field>
        <field name="padding">5</field>
        <field name="company_id" eval="False"/>
    </record>
    <record id="sequence_syn_hospital_appointment" model="ir.sequence">
        <field name="name">Hospital Appointment</field>
        <field name="code">syn.hospital.appointment</field>
        <field name="prefix">AP</field>
        <field name="padding">5</field>
        <field name="company_id" eval="False"/>
    </record>
</odoo>